Co.Name,M:%,F:%,M:F ratio,PHD:%,Pass out,Total Strg,infra:%
No,75,25,3,38,66,2478,45
Op,86,14,6.142857,69,58,3665,74
Pq,52,48,1.083333,52,85,3786,45
Qr,66,34,1.941176,83,56,3653,30
Rs,90,10,9,35,84,2471,71
St,57,43,1.325581,39,78,3437,39
Tu,89,11,8.090909,37,59,3337,78
Uv,90,10,9,83,50,2284,65
Vw,62,38,1.631579,85,52,2262,55
Wx,72,28,2.571429,48,87,4016,83
Xy,73,27,2.703704,37,72,3668,81
Yz,64,36,1.777778,59,75,2293,59
